"Primary keyword","Search intent","Target URL","Page type","Title","H1","Meta description","CTA"
"car rental in islamabad with professional driver","navigational / commercial","/","app","Car Rental in Islamabad With Driver | Saad Car Rental","Car Rental in Islamabad With Professional Driver","Premium car rental with professional driver in Islamabad: airport transfers, family and business travel, weddings and trips to Murree, Hunza and Skardu.","Call / WhatsApp / Get a quote"
"our fleet: cars with professional driver","navigational / commercial","/cars","app","Our Fleet: Cars With Professional Driver | Saad Car Rental","Our Fleet: Cars With Professional Driver","Land Cruiser V8 and TZ, Prado, Hilux Revo, Honda Civic, Toyota Grande, Range Rover and Coaster, every vehicle with a professional driver in Islamabad.","Call / WhatsApp / Get a quote"
"our chauffeur and car rental services","navigational / commercial","/services","app","Chauffeur & Car Rental Services Islamabad | Saad Car Rental","Our Chauffeur and Car Rental Services","Airport transfers, chauffeur service, business and family travel, weddings, tours and long-distance trips, all with a professional driver in Islamabad.","Call / WhatsApp / Get a quote"
"about saad car rental services","brand","/about","about","About Us: Chauffeur Car Rental in Islamabad | Saad Car Rental","About SAAD CAR RENTAL SERVICES","SAAD CAR RENTAL SERVICES has provided premium car rental with professional drivers in Islamabad for 22 years. Rated 5.0 on Google from 211 reviews.","Call / WhatsApp / Get a quote"
"contact saad car rental services","brand / transactional","/contact","contact","Contact Us: Car Rental With Driver in Islamabad | Saad Car Rental","Contact SAAD CAR RENTAL SERVICES","Contact SAAD CAR RENTAL SERVICES at G-11 Markaz, Islamabad. Call 0333 9850599, WhatsApp or send an enquiry and our team will reply quickly.","Call / WhatsApp / Get a quote"
"book now","navigational / commercial","/book","app","Book a Car With Driver | Saad Car Rental","Book Now","Book a premium car with professional driver in Islamabad. No account needed.","Call / WhatsApp / Get a quote"
"land cruiser v8 – with professional driver","vehicle / commercial","/cars/land-cruiser-v8","vehicle","Land Cruiser V8 Rental in Islamabad With Driver | Saad Car Rental","Land Cruiser V8 – With Professional Driver","Land Cruiser V8 with professional driver in Islamabad: northern areas, family travel, vip / executive. Photos, routes and booking.","Call / WhatsApp / Get a quote"
"land cruiser tz – with professional driver","vehicle / commercial","/cars/land-cruiser-tz","vehicle","Land Cruiser TZ Rental in Islamabad With Driver | Saad Car Rental","Land Cruiser TZ – With Professional Driver","Land Cruiser TZ with professional driver in Islamabad: northern areas, family travel, vip / executive. Photos, routes and booking.","Call / WhatsApp / Get a quote"
"prado – with professional driver","vehicle / commercial","/cars/prado","vehicle","Prado Rental in Islamabad With Driver | Saad Car Rental","Prado – With Professional Driver","Prado with professional driver in Islamabad: family travel, northern areas, long-distance trips. Photos, routes and booking.","Call / WhatsApp / Get a quote"
"revo – with professional driver","vehicle / commercial","/cars/revo","vehicle","Hilux Revo Rental in Islamabad With Driver | Saad Car Rental","Revo – With Professional Driver","Hilux Revo with professional driver in Islamabad: adventure routes, northern areas, mountain roads. Photos, routes and booking.","Call / WhatsApp / Get a quote"
"honda civic – with professional driver","vehicle / commercial","/cars/honda-civic","vehicle","Honda Civic Rental in Islamabad With Driver | Saad Car Rental","Honda Civic – With Professional Driver","Honda Civic with professional driver in Islamabad: city travel, airport transfers, corporate travel. Photos, routes and booking.","Call / WhatsApp / Get a quote"
"toyota grande – with professional driver","vehicle / commercial","/cars/toyota-grande","vehicle","Toyota Corolla Grande Rental in Islamabad With Driver | Saad Car Rental","Toyota Grande – With Professional Driver","Toyota Corolla Grande with professional driver in Islamabad: family travel, airport transfers, city travel. Photos, routes and booking.","Call / WhatsApp / Get a quote"
"range rover – with professional driver","vehicle / commercial","/cars/range-rover","vehicle","Range Rover Rental in Islamabad With Driver | Saad Car Rental","Range Rover – With Professional Driver","Range Rover with professional driver in Islamabad: vip / executive, corporate travel, weddings. Photos, routes and booking.","Call / WhatsApp / Get a quote"
"coaster – with professional driver","vehicle / commercial","/cars/coaster","vehicle","Toyota Coaster Rental in Islamabad With Driver | Saad Car Rental","Coaster – With Professional Driver","Toyota Coaster with professional driver in Islamabad: group travel, family groups, corporate groups. Photos, routes and booking.","Call / WhatsApp / Get a quote"
"islamabad airport transfer with professional driver","airport / transactional","/airport-transfer/islamabad","airport","Islamabad Airport Car With Driver (Pickup & Drop) | Saad Car Rental","Islamabad Airport Transfer With Professional Driver","Islamabad International Airport pickup and drop with a professional driver for individuals, families, business guests and groups.","Call / WhatsApp / Get a quote"
"car rental with driver in islamabad","service / commercial","/services/premium-car-rental","service","Car Rental With Driver in Islamabad | Saad Car Rental","Car Rental With Driver in Islamabad","Our core service is a premium car with a professional driver, available by the trip, by the day or for multi-day journeys. Call or WhatsApp for today's quote.","Call / WhatsApp / Get a quote"
"chauffeur service in islamabad","service / commercial","/services/chauffeur-service","service","Chauffeur Service in Islamabad | Saad Car Rental","Chauffeur Service in Islamabad","A chauffeur service for guests who want a presentable, courteous driver and a well-kept vehicle for every journey. Call or WhatsApp for today's quote.","Call / WhatsApp / Get a quote"
"airport transfers with driver","service / commercial","/services/airport-transfers","service","Airport Transfers With Driver | Saad Car Rental","Airport Transfers With Driver","Airport pickups and drop-offs with a professional driver, so you arrive and leave without searching for transport. Call or WhatsApp for today's quote.","Call / WhatsApp / Get a quote"
"car with driver for business travel","service / commercial","/services/business-travel","service","Car With Driver for Business Travel | Saad Car Rental","Car With Driver for Business Travel","A car with driver for individual executives, visiting colleagues and business guests who need reliable transport between meetings, offices and the airport..","Call / WhatsApp / Get a quote"
"corporate car rental with driver","service / commercial","/services/corporate-transportation","service","Corporate Car Rental With Driver | Saad Car Rental","Corporate Car Rental With Driver","Transportation for companies, embassies and organisations: guest pickups, executive transport, team transfers and event movements, planned around your schedul","Call / WhatsApp / Get a quote"
"family car rental with driver","service / commercial","/services/family-travel","service","Family Car Rental With Driver | Saad Car Rental","Family Car Rental With Driver","Family trips are easier with an experienced driver: no navigation, no parking and no fatigue on long roads. Call or WhatsApp for today's quote.","Call / WhatsApp / Get a quote"
"wedding car rental with driver","service / commercial","/services/wedding-event-transportation","service","Wedding Car Rental With Driver | Saad Car Rental","Wedding Car Rental With Driver","Wedding and event transport with a professional driver: a presentable car for the couple, family vehicles for relatives and a Coaster for guests, all arranged","Call / WhatsApp / Get a quote"
"intercity and long distance car with driver","service / commercial","/services/long-distance-travel","service","Intercity and Long Distance Car With Driver | Saad Car Rental","Intercity and Long Distance Car With Driver","Intercity and long-distance journeys with a rested, experienced driver, one-way or round trip, with the comfort of a premium vehicle.","Call / WhatsApp / Get a quote"
"private tour transport with driver","service / commercial","/services/private-tours","service","Private Tour Transport With Driver | Saad Car Rental","Private Tour Transport With Driver","A private vehicle and driver for your own tour, whether a weekend in the hills or a multi-day trip through the north. Call or WhatsApp for today's quote.","Call / WhatsApp / Get a quote"
"vip and executive car with driver","service / commercial","/services/vip-executive-transportation","service","VIP and Executive Car With Driver | Saad Car Rental","VIP and Executive Car With Driver","VIP and executive transportation for delegations, senior guests and discerning travellers, with a premium vehicle, a professional driver and a calm, discreet ","Call / WhatsApp / Get a quote"
"hotel transfers with driver","service / commercial","/services/hotel-transfers","service","Hotel Transfers With Driver | Saad Car Rental","Hotel Transfers With Driver","Transfers between hotels, the airport and meeting places in Islamabad and Rawalpindi, with a professional driver who already knows the hotel entrances and the","Call / WhatsApp / Get a quote"
"car with driver in islamabad and rawalpindi","service / commercial","/services/islamabad-rawalpindi-transportation","service","Car With Driver in Islamabad and Rawalpindi | Saad Car Rental","Car With Driver in Islamabad and Rawalpindi","Everyday and special-occasion transport across the twin cities: by the trip, by the half day or by the full day, with a driver who knows the roads in both cit","Call / WhatsApp / Get a quote"
"customised car with driver arrangements","service / commercial","/services/customized-travel","service","Customised Car With Driver Arrangements | Saad Car Rental","Customised Car With Driver Arrangements","If your trip does not fit a standard package, tell us what you need. Call or WhatsApp for today's quote. Professional driver included.","Call / WhatsApp / Get a quote"
"coaster and group transportation with driver","service / commercial","/services/group-transportation","service","Coaster and Group Transportation With Driver | Saad Car Rental","Coaster and Group Transportation With Driver","A Toyota Coaster with a professional driver for groups, families, tours and events. Call or WhatsApp for today's quote. Professional driver included.","Call / WhatsApp / Get a quote"
"car rental in Islamabad with driver","local / commercial","/locations/islamabad","location","Islamabad Car Rental: City, Airport & Sector Pickups | Saad Car Rental","Car Rental in Islamabad: Pickups Across the City","Car rental with professional driver in Islamabad: airport transfers, city trips, family, business and wedding travel.","Call / WhatsApp / Get a quote"
"car rental in Rawalpindi with driver","local / commercial","/locations/rawalpindi","location","Rawalpindi Car Rental With Driver | Saad Car Rental","Car Rental in Rawalpindi With Driver","Car with professional driver for travel to and from Rawalpindi, based in Islamabad: pickups and drop-offs between Rawalpindi and Islamabad International Airpo","Call / WhatsApp / Get a quote"
"Islamabad to Lahore car with driver","local / commercial","/locations/lahore","location","Lahore Car Rental With Driver | Saad Car Rental","Car Rental in Lahore With Driver","Car with professional driver for travel to and from Lahore, based in Islamabad: motorway journey between the capital and Lahore.","Call / WhatsApp / Get a quote"
"Islamabad to Peshawar car with driver","local / commercial","/locations/peshawar","location","Peshawar Car Rental With Driver | Saad Car Rental","Car Rental in Peshawar With Driver","Car with professional driver for travel to and from Peshawar, based in Islamabad: motorway journey from Islamabad to Peshawar.","Call / WhatsApp / Get a quote"
"Islamabad to Faisalabad car with driver","local / commercial","/locations/faisalabad","location","Faisalabad Car Rental With Driver | Saad Car Rental","Car Rental in Faisalabad With Driver","Car with professional driver for travel to and from Faisalabad, based in Islamabad: business and factory visits.","Call / WhatsApp / Get a quote"
"Islamabad to Multan car with driver","local / commercial","/locations/multan","location","Multan Car Rental With Driver | Saad Car Rental","Car Rental in Multan With Driver","Car with professional driver for travel to and from Multan, based in Islamabad: long-distance travel with a comfortable, rested driver.","Call / WhatsApp / Get a quote"
"Islamabad to Murree car with driver","local / commercial","/locations/murree","location","Murree Car Rental With Driver | Saad Car Rental","Car Rental in Murree With Driver","Car with professional driver for travel to and from Murree, based in Islamabad: mall Road and Kashmir Point. Prado, Land Cruiser V8, Hilux Revo available.","Call / WhatsApp / Get a quote"
"Islamabad to Abbottabad car with driver","local / commercial","/locations/abbottabad","location","Abbottabad Car Rental With Driver | Saad Car Rental","Car Rental in Abbottabad With Driver","Car with professional driver for travel to and from Abbottabad, based in Islamabad: gateway to Nathia Gali and Ayubia in the Galiyat hills.","Call / WhatsApp / Get a quote"
"Islamabad to Swat car with driver","local / commercial","/locations/swat","location","Swat Car Rental With Driver | Saad Car Rental","Car Rental in Swat With Driver","Car with professional driver for travel to and from Swat, based in Islamabad: mingora and Saidu Sharif. Prado, Land Cruiser V8, Hilux Revo available.","Call / WhatsApp / Get a quote"
"Islamabad to Naran car with driver","local / commercial","/locations/naran","location","Naran Car Rental With Driver | Saad Car Rental","Car Rental in Naran With Driver","Car with professional driver for travel to and from Naran, based in Islamabad: lake Saif-ul-Malook, reached by local jeep for the final stretch.","Call / WhatsApp / Get a quote"
"Islamabad to Chitral car with driver","local / commercial","/locations/chitral","location","Chitral Car Rental With Driver | Saad Car Rental","Car Rental in Chitral With Driver","Car with professional driver for travel to and from Chitral, based in Islamabad: chitral town and its fort. Land Cruiser V8, Prado, Hilux Revo available.","Call / WhatsApp / Get a quote"
"Islamabad to Gilgit car with driver","local / commercial","/locations/gilgit","location","Gilgit Car Rental With Driver | Saad Car Rental","Car Rental in Gilgit With Driver","Car with professional driver for travel to and from Gilgit, based in Islamabad: gateway to Hunza, Naltar, Astore and Skardu.","Call / WhatsApp / Get a quote"
"Islamabad to Hunza car with driver","local / commercial","/locations/hunza","location","Hunza Car Rental With Driver | Saad Car Rental","Car Rental in Hunza With Driver","Car with professional driver for travel to and from Hunza, based in Islamabad: karimabad with Baltit Fort and Altit Fort.","Call / WhatsApp / Get a quote"
"Islamabad to Skardu car with driver","local / commercial","/locations/skardu","location","Skardu Car Rental With Driver | Saad Car Rental","Car Rental in Skardu With Driver","Car with professional driver for travel to and from Skardu, based in Islamabad: upper and Lower Kachura lakes. Land Cruiser V8, Prado, Hilux Revo available.","Call / WhatsApp / Get a quote"
"Islamabad to Muzaffarabad car with driver","local / commercial","/locations/muzaffarabad","location","Muzaffarabad Car Rental With Driver | Saad Car Rental","Car Rental in Muzaffarabad With Driver","Car with professional driver for travel to and from Muzaffarabad, based in Islamabad: meeting point of the Jhelum and Neelum rivers.","Call / WhatsApp / Get a quote"
"Islamabad to Nathia Gali car with driver","tourism + route / transactional","/destinations/nathia-gali","destination","Islamabad to Nathia Gali Car With Driver | Saad Car Rental","Islamabad to Nathia Gali Car With Driver","Car with professional driver from Islamabad to Nathia Gali (Galiyat): pine forests and cool summer weather. Prado, Land Cruiser V8, Hilux Revo available.","Call / WhatsApp / Get a quote"
"Islamabad to Shogran car with driver","tourism + route / transactional","/destinations/shogran","destination","Islamabad to Shogran Car With Driver | Saad Car Rental","Islamabad to Shogran Car With Driver","Car with professional driver from Islamabad to Shogran (Kaghan): meadow views and cool air above Kaghan. Hilux Revo, Land Cruiser V8, Prado available.","Call / WhatsApp / Get a quote"
"Islamabad to Babusar Top car with driver","tourism + route / transactional","/destinations/babusar-top","destination","Islamabad to Babusar Top Car With Driver | Saad Car Rental","Islamabad to Babusar Top Car With Driver","Car with professional driver from Islamabad to Babusar Top (Kaghan): a high pass between Kaghan Valley and Gilgit-Baltistan.","Call / WhatsApp / Get a quote"
"Islamabad to Kalam car with driver","tourism + route / transactional","/destinations/kalam","destination","Islamabad to Kalam Car With Driver | Saad Car Rental","Islamabad to Kalam Car With Driver","Car with professional driver from Islamabad to Kalam (Swat): the Swat River and the town's riverside hotels. Prado, Land Cruiser V8, Hilux Revo available.","Call / WhatsApp / Get a quote"
"Islamabad to Malam Jabba car with driver","tourism + route / transactional","/destinations/malam-jabba","destination","Islamabad to Malam Jabba Car With Driver | Saad Car Rental","Islamabad to Malam Jabba Car With Driver","Car with professional driver from Islamabad to Malam Jabba (Swat): ski resort and chairlift. Land Cruiser V8, Prado, Hilux Revo available.","Call / WhatsApp / Get a quote"
"Islamabad to Kumrat Valley car with driver","tourism + route / transactional","/destinations/kumrat-valley","destination","Islamabad to Kumrat Valley Car With Driver | Saad Car Rental","Islamabad to Kumrat Valley Car With Driver","Car with professional driver from Islamabad to Kumrat Valley (Upper Dir): deodar forests and the Panjkora River. Hilux Revo, Land Cruiser V8, Prado available.","Call / WhatsApp / Get a quote"
"Islamabad to Attabad Lake car with driver","tourism + route / transactional","/destinations/attabad-lake","destination","Islamabad to Attabad Lake Car With Driver | Saad Car Rental","Islamabad to Attabad Lake Car With Driver","Car with professional driver from Islamabad to Attabad Lake (Hunza): turquoise water against high peaks. Land Cruiser V8, Prado, Hilux Revo available.","Call / WhatsApp / Get a quote"
"Islamabad to Khunjerab Pass car with driver","tourism + route / transactional","/destinations/khunjerab-pass","destination","Islamabad to Khunjerab Car With Driver | Saad Car Rental","Islamabad to Khunjerab Pass Car With Driver","Car with professional driver from Islamabad to Khunjerab Pass (Hunza): high-altitude scenery in Khunjerab National Park.","Call / WhatsApp / Get a quote"
"Islamabad to Fairy Meadows car with driver","tourism + route / transactional","/destinations/fairy-meadows","destination","Islamabad to Fairy Meadows Car With Driver | Saad Car Rental","Islamabad to Fairy Meadows Car With Driver","Car with professional driver from Islamabad to Fairy Meadows (Astore / Diamer): views of Nanga Parbat from the meadow.","Call / WhatsApp / Get a quote"
"Islamabad to Deosai car with driver","tourism + route / transactional","/destinations/deosai-national-park","destination","Islamabad to Deosai Car With Driver | Saad Car Rental","Islamabad to Deosai National Park Car With Driver","Car with professional driver from Islamabad to Deosai National Park (Skardu / Astore): high-altitude plateau scenery.","Call / WhatsApp / Get a quote"
"Islamabad to Naltar Valley car with driver","tourism + route / transactional","/destinations/naltar-valley","destination","Islamabad to Naltar Car With Driver | Saad Car Rental","Islamabad to Naltar Valley Car With Driver","Car with professional driver from Islamabad to Naltar Valley (Gilgit): coloured lakes in the upper valley. Hilux Revo, Land Cruiser V8, Prado available.","Call / WhatsApp / Get a quote"
"Islamabad to Astore car with driver","tourism + route / transactional","/destinations/astore-valley","destination","Islamabad to Astore Car With Driver | Saad Car Rental","Islamabad to Astore Valley Car With Driver","Car with professional driver from Islamabad to Astore Valley (Astore): rama Meadows and Rama Lake. Hilux Revo, Land Cruiser V8, Prado available.","Call / WhatsApp / Get a quote"
"Islamabad to Neelum Valley car with driver","tourism + route / transactional","/destinations/neelum-valley","destination","Islamabad to Neelum Valley Car With Driver | Saad Car Rental","Islamabad to Neelum Valley Car With Driver","Car with professional driver from Islamabad to Neelum Valley (Azad Kashmir): the Neelum River and the valley road.","Call / WhatsApp / Get a quote"
"Islamabad to Shigar Valley car with driver","tourism + route / transactional","/destinations/shigar-valley","destination","Islamabad to Shigar Valley Car With Driver | Saad Car Rental","Islamabad to Shigar Valley Car With Driver","Car with professional driver from Islamabad to Shigar Valley (Skardu): shigar Fort (Fong-Khar) and heritage stays.","Call / WhatsApp / Get a quote"
"Islamabad to Khaplu car with driver","tourism + route / transactional","/destinations/khaplu","destination","Islamabad to Khaplu Car With Driver | Saad Car Rental","Islamabad to Khaplu Car With Driver","Car with professional driver from Islamabad to Khaplu (Ghanche): khaplu Palace (Yabgo Khar). Land Cruiser V8, Prado, Hilux Revo available.","Call / WhatsApp / Get a quote"
"Islamabad to Lahore car with driver","route / transactional","/routes/islamabad-to-lahore","route","Islamabad to Lahore Car With Driver | Saad Car Rental","Islamabad to Lahore Car With Driver","Book a car with professional driver from Islamabad or Rawalpindi to Lahore. Highway / motorway route. Toyota Corolla Grande, Honda Civic, Prado available.","Call / WhatsApp / Get a quote"
"Islamabad to Peshawar car with driver","route / transactional","/routes/islamabad-to-peshawar","route","Islamabad to Peshawar Car With Driver | Saad Car Rental","Islamabad to Peshawar Car With Driver","Book a car with professional driver from Islamabad or Rawalpindi to Peshawar. Highway / motorway route. Toyota Corolla Grande, Honda Civic, Prado available.","Call / WhatsApp / Get a quote"
"Islamabad to Faisalabad car with driver","route / transactional","/routes/islamabad-to-faisalabad","route","Islamabad to Faisalabad Car With Driver | Saad Car Rental","Islamabad to Faisalabad Car With Driver","Book a car with professional driver from Islamabad or Rawalpindi to Faisalabad. Highway / motorway route. Toyota Corolla Grande, Honda Civic, Prado available.","Call / WhatsApp / Get a quote"
"Islamabad to Multan car with driver","route / transactional","/routes/islamabad-to-multan","route","Islamabad to Multan Car With Driver | Saad Car Rental","Islamabad to Multan Car With Driver","Book a car with professional driver from Islamabad or Rawalpindi to Multan. Highway / motorway route. Prado, Land Cruiser V8, Toyota Corolla Grande available.","Call / WhatsApp / Get a quote"
"Islamabad to Murree car with driver","route / transactional","/routes/islamabad-to-murree","route","Islamabad to Murree Car With Driver | Saad Car Rental","Islamabad to Murree Car With Driver","Book a car with professional driver from Islamabad or Rawalpindi to Murree. Hill-road route. Prado, Land Cruiser V8, Hilux Revo available.","Call / WhatsApp / Get a quote"
"Islamabad to Abbottabad car with driver","route / transactional","/routes/islamabad-to-abbottabad","route","Islamabad to Abbottabad Car With Driver | Saad Car Rental","Islamabad to Abbottabad Car With Driver","Book a car with professional driver from Islamabad or Rawalpindi to Abbottabad. Hill-road route. Prado, Land Cruiser V8, Hilux Revo available.","Call / WhatsApp / Get a quote"
"Islamabad to Swat car with driver","route / transactional","/routes/islamabad-to-swat","route","Islamabad to Swat Car With Driver | Saad Car Rental","Islamabad to Swat Car With Driver","Book a car with professional driver from Islamabad or Rawalpindi to Swat. Mountain-road route. Prado, Land Cruiser V8, Hilux Revo available.","Call / WhatsApp / Get a quote"
"Islamabad to Naran car with driver","route / transactional","/routes/islamabad-to-naran","route","Islamabad to Naran Car With Driver | Saad Car Rental","Islamabad to Naran Car With Driver","Book a car with professional driver from Islamabad or Rawalpindi to Naran. Mountain-road route. Prado, Land Cruiser V8, Hilux Revo available.","Call / WhatsApp / Get a quote"
"Islamabad to Chitral car with driver","route / transactional","/routes/islamabad-to-chitral","route","Islamabad to Chitral Car With Driver | Saad Car Rental","Islamabad to Chitral Car With Driver","Book a car with professional driver from Islamabad or Rawalpindi to Chitral. Mountain-road route. Land Cruiser V8, Prado, Hilux Revo available.","Call / WhatsApp / Get a quote"
"Islamabad to Gilgit car with driver","route / transactional","/routes/islamabad-to-gilgit","route","Islamabad to Gilgit Car With Driver | Saad Car Rental","Islamabad to Gilgit Car With Driver","Book a car with professional driver from Islamabad or Rawalpindi to Gilgit. Mountain-road route. Prado, Land Cruiser V8, Land Cruiser TZ available.","Call / WhatsApp / Get a quote"
"Islamabad to Hunza car with driver","route / transactional","/routes/islamabad-to-hunza","route","Islamabad to Hunza Car With Driver | Saad Car Rental","Islamabad to Hunza Car With Driver","Book a car with professional driver from Islamabad or Rawalpindi to Hunza. Mountain-road route. Land Cruiser V8, Prado, Hilux Revo available.","Call / WhatsApp / Get a quote"
"Islamabad to Skardu car with driver","route / transactional","/routes/islamabad-to-skardu","route","Islamabad to Skardu Car With Driver | Saad Car Rental","Islamabad to Skardu Car With Driver","Book a car with professional driver from Islamabad or Rawalpindi to Skardu. Mountain-road route. Land Cruiser V8, Prado, Hilux Revo available.","Call / WhatsApp / Get a quote"
"Islamabad to Muzaffarabad car with driver","route / transactional","/routes/islamabad-to-muzaffarabad","route","Islamabad to Muzaffarabad Car With Driver | Saad Car Rental","Islamabad to Muzaffarabad Car With Driver","Book a car with professional driver from Islamabad or Rawalpindi to Muzaffarabad. Hill-road route. Prado, Land Cruiser V8, Toyota Corolla Grande available.","Call / WhatsApp / Get a quote"
"car rental with driver in punjab","regional / commercial","/locations/punjab","province","Car Rental With Driver in Punjab | Saad Car Rental","Car Rental With Driver in Punjab","Chauffeur-driven travel to and from Punjab: Rawalpindi, Lahore, Faisalabad, Multan and more, from our Islamabad base. Call or WhatsApp for today's quote.","Call / WhatsApp / Get a quote"
"car rental with driver in khyber pakhtunkhwa","regional / commercial","/locations/khyber-pakhtunkhwa","province","Car Rental With Driver in Khyber Pakhtunkhwa | Saad Car Rental","Car Rental With Driver in Khyber Pakhtunkhwa","Chauffeur-driven travel to and from Khyber Pakhtunkhwa: Peshawar, Abbottabad, Swat, Naran and more, from our Islamabad base.","Call / WhatsApp / Get a quote"
"car rental with driver in gilgit-baltistan","regional / commercial","/locations/gilgit-baltistan","province","Car Rental With Driver in Gilgit-Baltistan | Saad Car Rental","Car Rental With Driver in Gilgit-Baltistan","Chauffeur-driven travel to and from Gilgit-Baltistan: Gilgit, Hunza, Skardu, Attabad Lake and more, from our Islamabad base.","Call / WhatsApp / Get a quote"
"car rental with driver in azad jammu & kashmir","regional / commercial","/locations/azad-kashmir","province","Car Rental With Driver in Azad Jammu & Kashmir | Saad Car Rental","Car Rental With Driver in Azad Jammu & Kashmir","Chauffeur-driven travel to and from Azad Jammu & Kashmir: Muzaffarabad, Neelum Valley and more, from our Islamabad base. Call or WhatsApp for today's quote.","Call / WhatsApp / Get a quote"
"car rental with driver across pakistan","category / navigational","/car-rental-pakistan","hub","Car Rental With Driver in Pakistan | Saad Car Rental","Car Rental With Driver Across Pakistan","Islamabad-based chauffeur service providing cars with professional drivers for travel to and from Lahore, Peshawar, Murree, Hunza, Skardu and more.","Call / WhatsApp / Get a quote"
"northern areas of pakistan: car rental with driver","category / navigational","/northern-areas","hub","Northern Areas Car Rental With Driver | Saad Car Rental","Northern Areas of Pakistan: Car Rental With Driver","Car with professional driver from Islamabad to Murree, Naran, Swat, Hunza, Skardu, Fairy Meadows, Neelum Valley and more, in SUVs, 4x4s and Coasters.","Call / WhatsApp / Get a quote"
"cities and regions we serve from islamabad","category / navigational","/locations","hub","Locations We Serve: Cities & Regions | Saad Car Rental","Cities and Regions We Serve From Islamabad","Islamabad is our base. See the cities and regions where we provide chauffeur-driven travel, from Rawalpindi and Lahore to Hunza and Skardu.","Call / WhatsApp / Get a quote"
"tourist destinations: car with driver from islamabad","category / navigational","/destinations","hub","Tourist Destinations by Car With Driver | Saad Car Rental","Tourist Destinations: Car With Driver From Islamabad","Fairy Meadows, Attabad Lake, Kalam, Kumrat, Deosai, Neelum Valley and more: plan your trip with a professional driver from Islamabad.","Call / WhatsApp / Get a quote"
"routes from islamabad with a professional driver","category / navigational","/routes","hub","Intercity & Northern Routes With Driver | Saad Car Rental","Routes From Islamabad With a Professional Driver","Islamabad to Lahore, Peshawar, Murree, Naran, Swat, Hunza, Skardu and more: one-way, round-trip and multi-day trips with a professional driver.","Call / WhatsApp / Get a quote"
"frequently asked questions","informational (AEO)","/faq","faq","FAQ: Car Rental With Driver in Islamabad | Saad Car Rental","Frequently Asked Questions","Answers about hiring a car with driver in Islamabad: vehicles, airport pickup, weddings, corporate travel, intercity trips and how to get a quote.","Call / WhatsApp / Get a quote"
