"URL","Title","Title length","Description","Description length","Robots","Canonical"
"/","Car Rental in Islamabad With Driver | Saad Car Rental","53","Premium car rental with professional driver in Islamabad: airport transfers, family and business travel, weddings and trips to Murree, Hunza and Skardu.","152","index, follow, max-image-preview:large","https://www.saadcarremtal.com/"
"/cars","Our Fleet: Cars With Professional Driver | Saad Car Rental","58","Land Cruiser V8 and TZ, Prado, Hilux Revo, Honda Civic, Toyota Grande, Range Rover and Coaster, every vehicle with a professional driver in Islamabad.","150","index, follow, max-image-preview:large","https://www.saadcarremtal.com/cars"
"/services","Chauffeur & Car Rental Services Islamabad | Saad Car Rental","59","Airport transfers, chauffeur service, business and family travel, weddings, tours and long-distance trips, all with a professional driver in Islamabad.","151","index, follow, max-image-preview:large","https://www.saadcarremtal.com/services"
"/about","About Us: Chauffeur Car Rental in Islamabad | Saad Car Rental","61","SAAD CAR RENTAL SERVICES has provided premium car rental with professional drivers in Islamabad for 22 years. Rated 5.0 on Google from 211 reviews.","147","index, follow, max-image-preview:large","https://www.saadcarremtal.com/about"
"/contact","Contact Us: Car Rental With Driver in Islamabad | Saad Car Rental","65","Contact SAAD CAR RENTAL SERVICES at G-11 Markaz, Islamabad. Call 0333 9850599, WhatsApp or send an enquiry and our team will reply quickly.","139","index, follow, max-image-preview:large","https://www.saadcarremtal.com/contact"
"/book","Book a Car With Driver | Saad Car Rental","40","Book a premium car with professional driver in Islamabad. No account needed.","76","noindex, follow","https://www.saadcarremtal.com/book"
"/cars/land-cruiser-v8","Land Cruiser V8 Rental in Islamabad With Driver | Saad Car Rental","65","Land Cruiser V8 with professional driver in Islamabad: northern areas, family travel, vip / executive. Photos, routes and booking.","130","index, follow, max-image-preview:large","https://www.saadcarremtal.com/cars/land-cruiser-v8"
"/cars/land-cruiser-tz","Land Cruiser TZ Rental in Islamabad With Driver | Saad Car Rental","65","Land Cruiser TZ with professional driver in Islamabad: northern areas, family travel, vip / executive. Photos, routes and booking.","130","index, follow, max-image-preview:large","https://www.saadcarremtal.com/cars/land-cruiser-tz"
"/cars/prado","Prado Rental in Islamabad With Driver | Saad Car Rental","55","Prado with professional driver in Islamabad: family travel, northern areas, long-distance trips. Photos, routes and booking.","124","index, follow, max-image-preview:large","https://www.saadcarremtal.com/cars/prado"
"/cars/revo","Hilux Revo Rental in Islamabad With Driver | Saad Car Rental","60","Hilux Revo with professional driver in Islamabad: adventure routes, northern areas, mountain roads. Photos, routes and booking.","127","index, follow, max-image-preview:large","https://www.saadcarremtal.com/cars/revo"
"/cars/honda-civic","Honda Civic Rental in Islamabad With Driver | Saad Car Rental","61","Honda Civic with professional driver in Islamabad: city travel, airport transfers, corporate travel. Photos, routes and booking.","128","index, follow, max-image-preview:large","https://www.saadcarremtal.com/cars/honda-civic"
"/cars/toyota-grande","Toyota Corolla Grande Rental in Islamabad With Driver | Saad Car Rental","71","Toyota Corolla Grande with professional driver in Islamabad: family travel, airport transfers, city travel. Photos, routes and booking.","135","index, follow, max-image-preview:large","https://www.saadcarremtal.com/cars/toyota-grande"
"/cars/range-rover","Range Rover Rental in Islamabad With Driver | Saad Car Rental","61","Range Rover with professional driver in Islamabad: vip / executive, corporate travel, weddings. Photos, routes and booking.","123","index, follow, max-image-preview:large","https://www.saadcarremtal.com/cars/range-rover"
"/cars/coaster","Toyota Coaster Rental in Islamabad With Driver | Saad Car Rental","64","Toyota Coaster with professional driver in Islamabad: group travel, family groups, corporate groups. Photos, routes and booking.","128","index, follow, max-image-preview:large","https://www.saadcarremtal.com/cars/coaster"
"/airport-transfer/islamabad","Islamabad Airport Car With Driver (Pickup & Drop) | Saad Car Rental","67","Islamabad International Airport pickup and drop with a professional driver for individuals, families, business guests and groups.","129","index, follow, max-image-preview:large","https://www.saadcarremtal.com/airport-transfer/islamabad"
"/services/premium-car-rental","Car Rental With Driver in Islamabad | Saad Car Rental","53","Our core service is a premium car with a professional driver, available by the trip, by the day or for multi-day journeys. Call or WhatsApp for today's quote.","158","index, follow, max-image-preview:large","https://www.saadcarremtal.com/services/premium-car-rental"
"/services/chauffeur-service","Chauffeur Service in Islamabad | Saad Car Rental","48","A chauffeur service for guests who want a presentable, courteous driver and a well-kept vehicle for every journey. Call or WhatsApp for today's quote.","150","index, follow, max-image-preview:large","https://www.saadcarremtal.com/services/chauffeur-service"
"/services/airport-transfers","Airport Transfers With Driver | Saad Car Rental","47","Airport pickups and drop-offs with a professional driver, so you arrive and leave without searching for transport. Call or WhatsApp for today's quote.","150","index, follow, max-image-preview:large","https://www.saadcarremtal.com/services/airport-transfers"
"/services/business-travel","Car With Driver for Business Travel | Saad Car Rental","53","A car with driver for individual executives, visiting colleagues and business guests who need reliable transport between meetings, offices and the airport..","156","index, follow, max-image-preview:large","https://www.saadcarremtal.com/services/business-travel"
"/services/corporate-transportation","Corporate Car Rental With Driver | Saad Car Rental","50","Transportation for companies, embassies and organisations: guest pickups, executive transport, team transfers and event movements, planned around your schedul","158","index, follow, max-image-preview:large","https://www.saadcarremtal.com/services/corporate-transportation"
"/services/family-travel","Family Car Rental With Driver | Saad Car Rental","47","Family trips are easier with an experienced driver: no navigation, no parking and no fatigue on long roads. Call or WhatsApp for today's quote.","143","index, follow, max-image-preview:large","https://www.saadcarremtal.com/services/family-travel"
"/services/wedding-event-transportation","Wedding Car Rental With Driver | Saad Car Rental","48","Wedding and event transport with a professional driver: a presentable car for the couple, family vehicles for relatives and a Coaster for guests, all arranged","158","index, follow, max-image-preview:large","https://www.saadcarremtal.com/services/wedding-event-transportation"
"/services/long-distance-travel","Intercity and Long Distance Car With Driver | Saad Car Rental","61","Intercity and long-distance journeys with a rested, experienced driver, one-way or round trip, with the comfort of a premium vehicle.","133","index, follow, max-image-preview:large","https://www.saadcarremtal.com/services/long-distance-travel"
"/services/private-tours","Private Tour Transport With Driver | Saad Car Rental","52","A private vehicle and driver for your own tour, whether a weekend in the hills or a multi-day trip through the north. Call or WhatsApp for today's quote.","153","index, follow, max-image-preview:large","https://www.saadcarremtal.com/services/private-tours"
"/services/vip-executive-transportation","VIP and Executive Car With Driver | Saad Car Rental","51","VIP and executive transportation for delegations, senior guests and discerning travellers, with a premium vehicle, a professional driver and a calm, discreet ","158","index, follow, max-image-preview:large","https://www.saadcarremtal.com/services/vip-executive-transportation"
"/services/hotel-transfers","Hotel Transfers With Driver | Saad Car Rental","45","Transfers between hotels, the airport and meeting places in Islamabad and Rawalpindi, with a professional driver who already knows the hotel entrances and the","158","index, follow, max-image-preview:large","https://www.saadcarremtal.com/services/hotel-transfers"
"/services/islamabad-rawalpindi-transportation","Car With Driver in Islamabad and Rawalpindi | Saad Car Rental","61","Everyday and special-occasion transport across the twin cities: by the trip, by the half day or by the full day, with a driver who knows the roads in both cit","158","index, follow, max-image-preview:large","https://www.saadcarremtal.com/services/islamabad-rawalpindi-transportation"
"/services/customized-travel","Customised Car With Driver Arrangements | Saad Car Rental","57","If your trip does not fit a standard package, tell us what you need. Call or WhatsApp for today's quote. Professional driver included.","134","index, follow, max-image-preview:large","https://www.saadcarremtal.com/services/customized-travel"
"/services/group-transportation","Coaster and Group Transportation With Driver | Saad Car Rental","62","A Toyota Coaster with a professional driver for groups, families, tours and events. Call or WhatsApp for today's quote. Professional driver included.","149","index, follow, max-image-preview:large","https://www.saadcarremtal.com/services/group-transportation"
"/locations/islamabad","Islamabad Car Rental: City, Airport & Sector Pickups | Saad Car Rental","70","Car rental with professional driver in Islamabad: airport transfers, city trips, family, business and wedding travel.","117","index, follow, max-image-preview:large","https://www.saadcarremtal.com/locations/islamabad"
"/locations/rawalpindi","Rawalpindi Car Rental With Driver | Saad Car Rental","51","Car with professional driver for travel to and from Rawalpindi, based in Islamabad: pickups and drop-offs between Rawalpindi and Islamabad International Airpo","158","index, follow, max-image-preview:large","https://www.saadcarremtal.com/locations/rawalpindi"
"/locations/lahore","Lahore Car Rental With Driver | Saad Car Rental","47","Car with professional driver for travel to and from Lahore, based in Islamabad: motorway journey between the capital and Lahore.","128","index, follow, max-image-preview:large","https://www.saadcarremtal.com/locations/lahore"
"/locations/peshawar","Peshawar Car Rental With Driver | Saad Car Rental","49","Car with professional driver for travel to and from Peshawar, based in Islamabad: motorway journey from Islamabad to Peshawar.","126","index, follow, max-image-preview:large","https://www.saadcarremtal.com/locations/peshawar"
"/locations/faisalabad","Faisalabad Car Rental With Driver | Saad Car Rental","51","Car with professional driver for travel to and from Faisalabad, based in Islamabad: business and factory visits.","112","index, follow, max-image-preview:large","https://www.saadcarremtal.com/locations/faisalabad"
"/locations/multan","Multan Car Rental With Driver | Saad Car Rental","47","Car with professional driver for travel to and from Multan, based in Islamabad: long-distance travel with a comfortable, rested driver.","135","index, follow, max-image-preview:large","https://www.saadcarremtal.com/locations/multan"
"/locations/murree","Murree Car Rental With Driver | Saad Car Rental","47","Car with professional driver for travel to and from Murree, based in Islamabad: mall Road and Kashmir Point. Prado, Land Cruiser V8, Hilux Revo available.","154","index, follow, max-image-preview:large","https://www.saadcarremtal.com/locations/murree"
"/locations/abbottabad","Abbottabad Car Rental With Driver | Saad Car Rental","51","Car with professional driver for travel to and from Abbottabad, based in Islamabad: gateway to Nathia Gali and Ayubia in the Galiyat hills.","139","index, follow, max-image-preview:large","https://www.saadcarremtal.com/locations/abbottabad"
"/locations/swat","Swat Car Rental With Driver | Saad Car Rental","45","Car with professional driver for travel to and from Swat, based in Islamabad: mingora and Saidu Sharif. Prado, Land Cruiser V8, Hilux Revo available.","149","index, follow, max-image-preview:large","https://www.saadcarremtal.com/locations/swat"
"/locations/naran","Naran Car Rental With Driver | Saad Car Rental","46","Car with professional driver for travel to and from Naran, based in Islamabad: lake Saif-ul-Malook, reached by local jeep for the final stretch.","144","index, follow, max-image-preview:large","https://www.saadcarremtal.com/locations/naran"
"/locations/chitral","Chitral Car Rental With Driver | Saad Car Rental","48","Car with professional driver for travel to and from Chitral, based in Islamabad: chitral town and its fort. Land Cruiser V8, Prado, Hilux Revo available.","153","index, follow, max-image-preview:large","https://www.saadcarremtal.com/locations/chitral"
"/locations/gilgit","Gilgit Car Rental With Driver | Saad Car Rental","47","Car with professional driver for travel to and from Gilgit, based in Islamabad: gateway to Hunza, Naltar, Astore and Skardu.","124","index, follow, max-image-preview:large","https://www.saadcarremtal.com/locations/gilgit"
"/locations/hunza","Hunza Car Rental With Driver | Saad Car Rental","46","Car with professional driver for travel to and from Hunza, based in Islamabad: karimabad with Baltit Fort and Altit Fort.","121","index, follow, max-image-preview:large","https://www.saadcarremtal.com/locations/hunza"
"/locations/skardu","Skardu Car Rental With Driver | Saad Car Rental","47","Car with professional driver for travel to and from Skardu, based in Islamabad: upper and Lower Kachura lakes. Land Cruiser V8, Prado, Hilux Revo available.","156","index, follow, max-image-preview:large","https://www.saadcarremtal.com/locations/skardu"
"/locations/muzaffarabad","Muzaffarabad Car Rental With Driver | Saad Car Rental","53","Car with professional driver for travel to and from Muzaffarabad, based in Islamabad: meeting point of the Jhelum and Neelum rivers.","132","index, follow, max-image-preview:large","https://www.saadcarremtal.com/locations/muzaffarabad"
"/destinations/nathia-gali","Islamabad to Nathia Gali Car With Driver | Saad Car Rental","58","Car with professional driver from Islamabad to Nathia Gali (Galiyat): pine forests and cool summer weather. Prado, Land Cruiser V8, Hilux Revo available.","153","index, follow, max-image-preview:large","https://www.saadcarremtal.com/destinations/nathia-gali"
"/destinations/shogran","Islamabad to Shogran Car With Driver | Saad Car Rental","54","Car with professional driver from Islamabad to Shogran (Kaghan): meadow views and cool air above Kaghan. Hilux Revo, Land Cruiser V8, Prado available.","150","index, follow, max-image-preview:large","https://www.saadcarremtal.com/destinations/shogran"
"/destinations/babusar-top","Islamabad to Babusar Top Car With Driver | Saad Car Rental","58","Car with professional driver from Islamabad to Babusar Top (Kaghan): a high pass between Kaghan Valley and Gilgit-Baltistan.","124","index, follow, max-image-preview:large","https://www.saadcarremtal.com/destinations/babusar-top"
"/destinations/kalam","Islamabad to Kalam Car With Driver | Saad Car Rental","52","Car with professional driver from Islamabad to Kalam (Swat): the Swat River and the town's riverside hotels. Prado, Land Cruiser V8, Hilux Revo available.","154","index, follow, max-image-preview:large","https://www.saadcarremtal.com/destinations/kalam"
"/destinations/malam-jabba","Islamabad to Malam Jabba Car With Driver | Saad Car Rental","58","Car with professional driver from Islamabad to Malam Jabba (Swat): ski resort and chairlift. Land Cruiser V8, Prado, Hilux Revo available.","138","index, follow, max-image-preview:large","https://www.saadcarremtal.com/destinations/malam-jabba"
"/destinations/kumrat-valley","Islamabad to Kumrat Valley Car With Driver | Saad Car Rental","60","Car with professional driver from Islamabad to Kumrat Valley (Upper Dir): deodar forests and the Panjkora River. Hilux Revo, Land Cruiser V8, Prado available.","158","index, follow, max-image-preview:large","https://www.saadcarremtal.com/destinations/kumrat-valley"
"/destinations/attabad-lake","Islamabad to Attabad Lake Car With Driver | Saad Car Rental","59","Car with professional driver from Islamabad to Attabad Lake (Hunza): turquoise water against high peaks. Land Cruiser V8, Prado, Hilux Revo available.","150","index, follow, max-image-preview:large","https://www.saadcarremtal.com/destinations/attabad-lake"
"/destinations/khunjerab-pass","Islamabad to Khunjerab Car With Driver | Saad Car Rental","56","Car with professional driver from Islamabad to Khunjerab Pass (Hunza): high-altitude scenery in Khunjerab National Park.","120","index, follow, max-image-preview:large","https://www.saadcarremtal.com/destinations/khunjerab-pass"
"/destinations/fairy-meadows","Islamabad to Fairy Meadows Car With Driver | Saad Car Rental","60","Car with professional driver from Islamabad to Fairy Meadows (Astore / Diamer): views of Nanga Parbat from the meadow.","118","index, follow, max-image-preview:large","https://www.saadcarremtal.com/destinations/fairy-meadows"
"/destinations/deosai-national-park","Islamabad to Deosai Car With Driver | Saad Car Rental","53","Car with professional driver from Islamabad to Deosai National Park (Skardu / Astore): high-altitude plateau scenery.","117","index, follow, max-image-preview:large","https://www.saadcarremtal.com/destinations/deosai-national-park"
"/destinations/naltar-valley","Islamabad to Naltar Car With Driver | Saad Car Rental","53","Car with professional driver from Islamabad to Naltar Valley (Gilgit): coloured lakes in the upper valley. Hilux Revo, Land Cruiser V8, Prado available.","152","index, follow, max-image-preview:large","https://www.saadcarremtal.com/destinations/naltar-valley"
"/destinations/astore-valley","Islamabad to Astore Car With Driver | Saad Car Rental","53","Car with professional driver from Islamabad to Astore Valley (Astore): rama Meadows and Rama Lake. Hilux Revo, Land Cruiser V8, Prado available.","144","index, follow, max-image-preview:large","https://www.saadcarremtal.com/destinations/astore-valley"
"/destinations/neelum-valley","Islamabad to Neelum Valley Car With Driver | Saad Car Rental","60","Car with professional driver from Islamabad to Neelum Valley (Azad Kashmir): the Neelum River and the valley road.","114","index, follow, max-image-preview:large","https://www.saadcarremtal.com/destinations/neelum-valley"
"/destinations/shigar-valley","Islamabad to Shigar Valley Car With Driver | Saad Car Rental","60","Car with professional driver from Islamabad to Shigar Valley (Skardu): shigar Fort (Fong-Khar) and heritage stays.","114","index, follow, max-image-preview:large","https://www.saadcarremtal.com/destinations/shigar-valley"
"/destinations/khaplu","Islamabad to Khaplu Car With Driver | Saad Car Rental","53","Car with professional driver from Islamabad to Khaplu (Ghanche): khaplu Palace (Yabgo Khar). Land Cruiser V8, Prado, Hilux Revo available.","138","index, follow, max-image-preview:large","https://www.saadcarremtal.com/destinations/khaplu"
"/routes/islamabad-to-lahore","Islamabad to Lahore Car With Driver | Saad Car Rental","53","Book a car with professional driver from Islamabad or Rawalpindi to Lahore. Highway / motorway route. Toyota Corolla Grande, Honda Civic, Prado available.","154","index, follow, max-image-preview:large","https://www.saadcarremtal.com/routes/islamabad-to-lahore"
"/routes/islamabad-to-peshawar","Islamabad to Peshawar Car With Driver | Saad Car Rental","55","Book a car with professional driver from Islamabad or Rawalpindi to Peshawar. Highway / motorway route. Toyota Corolla Grande, Honda Civic, Prado available.","156","index, follow, max-image-preview:large","https://www.saadcarremtal.com/routes/islamabad-to-peshawar"
"/routes/islamabad-to-faisalabad","Islamabad to Faisalabad Car With Driver | Saad Car Rental","57","Book a car with professional driver from Islamabad or Rawalpindi to Faisalabad. Highway / motorway route. Toyota Corolla Grande, Honda Civic, Prado available.","158","index, follow, max-image-preview:large","https://www.saadcarremtal.com/routes/islamabad-to-faisalabad"
"/routes/islamabad-to-multan","Islamabad to Multan Car With Driver | Saad Car Rental","53","Book a car with professional driver from Islamabad or Rawalpindi to Multan. Highway / motorway route. Prado, Land Cruiser V8, Toyota Corolla Grande available.","158","index, follow, max-image-preview:large","https://www.saadcarremtal.com/routes/islamabad-to-multan"
"/routes/islamabad-to-murree","Islamabad to Murree Car With Driver | Saad Car Rental","53","Book a car with professional driver from Islamabad or Rawalpindi to Murree. Hill-road route. Prado, Land Cruiser V8, Hilux Revo available.","138","index, follow, max-image-preview:large","https://www.saadcarremtal.com/routes/islamabad-to-murree"
"/routes/islamabad-to-abbottabad","Islamabad to Abbottabad Car With Driver | Saad Car Rental","57","Book a car with professional driver from Islamabad or Rawalpindi to Abbottabad. Hill-road route. Prado, Land Cruiser V8, Hilux Revo available.","142","index, follow, max-image-preview:large","https://www.saadcarremtal.com/routes/islamabad-to-abbottabad"
"/routes/islamabad-to-swat","Islamabad to Swat Car With Driver | Saad Car Rental","51","Book a car with professional driver from Islamabad or Rawalpindi to Swat. Mountain-road route. Prado, Land Cruiser V8, Hilux Revo available.","140","index, follow, max-image-preview:large","https://www.saadcarremtal.com/routes/islamabad-to-swat"
"/routes/islamabad-to-naran","Islamabad to Naran Car With Driver | Saad Car Rental","52","Book a car with professional driver from Islamabad or Rawalpindi to Naran. Mountain-road route. Prado, Land Cruiser V8, Hilux Revo available.","141","index, follow, max-image-preview:large","https://www.saadcarremtal.com/routes/islamabad-to-naran"
"/routes/islamabad-to-chitral","Islamabad to Chitral Car With Driver | Saad Car Rental","54","Book a car with professional driver from Islamabad or Rawalpindi to Chitral. Mountain-road route. Land Cruiser V8, Prado, Hilux Revo available.","143","index, follow, max-image-preview:large","https://www.saadcarremtal.com/routes/islamabad-to-chitral"
"/routes/islamabad-to-gilgit","Islamabad to Gilgit Car With Driver | Saad Car Rental","53","Book a car with professional driver from Islamabad or Rawalpindi to Gilgit. Mountain-road route. Prado, Land Cruiser V8, Land Cruiser TZ available.","147","index, follow, max-image-preview:large","https://www.saadcarremtal.com/routes/islamabad-to-gilgit"
"/routes/islamabad-to-hunza","Islamabad to Hunza Car With Driver | Saad Car Rental","52","Book a car with professional driver from Islamabad or Rawalpindi to Hunza. Mountain-road route. Land Cruiser V8, Prado, Hilux Revo available.","141","index, follow, max-image-preview:large","https://www.saadcarremtal.com/routes/islamabad-to-hunza"
"/routes/islamabad-to-skardu","Islamabad to Skardu Car With Driver | Saad Car Rental","53","Book a car with professional driver from Islamabad or Rawalpindi to Skardu. Mountain-road route. Land Cruiser V8, Prado, Hilux Revo available.","142","index, follow, max-image-preview:large","https://www.saadcarremtal.com/routes/islamabad-to-skardu"
"/routes/islamabad-to-muzaffarabad","Islamabad to Muzaffarabad Car With Driver | Saad Car Rental","59","Book a car with professional driver from Islamabad or Rawalpindi to Muzaffarabad. Hill-road route. Prado, Land Cruiser V8, Toyota Corolla Grande available.","155","index, follow, max-image-preview:large","https://www.saadcarremtal.com/routes/islamabad-to-muzaffarabad"
"/locations/punjab","Car Rental With Driver in Punjab | Saad Car Rental","50","Chauffeur-driven travel to and from Punjab: Rawalpindi, Lahore, Faisalabad, Multan and more, from our Islamabad base. Call or WhatsApp for today's quote.","153","index, follow, max-image-preview:large","https://www.saadcarremtal.com/locations/punjab"
"/locations/khyber-pakhtunkhwa","Car Rental With Driver in Khyber Pakhtunkhwa | Saad Car Rental","62","Chauffeur-driven travel to and from Khyber Pakhtunkhwa: Peshawar, Abbottabad, Swat, Naran and more, from our Islamabad base.","124","index, follow, max-image-preview:large","https://www.saadcarremtal.com/locations/khyber-pakhtunkhwa"
"/locations/gilgit-baltistan","Car Rental With Driver in Gilgit-Baltistan | Saad Car Rental","60","Chauffeur-driven travel to and from Gilgit-Baltistan: Gilgit, Hunza, Skardu, Attabad Lake and more, from our Islamabad base.","124","index, follow, max-image-preview:large","https://www.saadcarremtal.com/locations/gilgit-baltistan"
"/locations/azad-kashmir","Car Rental With Driver in Azad Jammu & Kashmir | Saad Car Rental","64","Chauffeur-driven travel to and from Azad Jammu & Kashmir: Muzaffarabad, Neelum Valley and more, from our Islamabad base. Call or WhatsApp for today's quote.","156","index, follow, max-image-preview:large","https://www.saadcarremtal.com/locations/azad-kashmir"
"/car-rental-pakistan","Car Rental With Driver in Pakistan | Saad Car Rental","52","Islamabad-based chauffeur service providing cars with professional drivers for travel to and from Lahore, Peshawar, Murree, Hunza, Skardu and more.","147","index, follow, max-image-preview:large","https://www.saadcarremtal.com/car-rental-pakistan"
"/northern-areas","Northern Areas Car Rental With Driver | Saad Car Rental","55","Car with professional driver from Islamabad to Murree, Naran, Swat, Hunza, Skardu, Fairy Meadows, Neelum Valley and more, in SUVs, 4x4s and Coasters.","149","index, follow, max-image-preview:large","https://www.saadcarremtal.com/northern-areas"
"/locations","Locations We Serve: Cities & Regions | Saad Car Rental","54","Islamabad is our base. See the cities and regions where we provide chauffeur-driven travel, from Rawalpindi and Lahore to Hunza and Skardu.","139","index, follow, max-image-preview:large","https://www.saadcarremtal.com/locations"
"/destinations","Tourist Destinations by Car With Driver | Saad Car Rental","57","Fairy Meadows, Attabad Lake, Kalam, Kumrat, Deosai, Neelum Valley and more: plan your trip with a professional driver from Islamabad.","133","index, follow, max-image-preview:large","https://www.saadcarremtal.com/destinations"
"/routes","Intercity & Northern Routes With Driver | Saad Car Rental","57","Islamabad to Lahore, Peshawar, Murree, Naran, Swat, Hunza, Skardu and more: one-way, round-trip and multi-day trips with a professional driver.","143","index, follow, max-image-preview:large","https://www.saadcarremtal.com/routes"
"/faq","FAQ: Car Rental With Driver in Islamabad | Saad Car Rental","58","Answers about hiring a car with driver in Islamabad: vehicles, airport pickup, weddings, corporate travel, intercity trips and how to get a quote.","146","index, follow, max-image-preview:large","https://www.saadcarremtal.com/faq"
