"URL","og:image","og:title"
"/","https://www.saadcarremtal.com/images/og/saad-car-rental-og.jpg","Car Rental in Islamabad With Driver | Saad Car Rental"
"/cars","https://www.saadcarremtal.com/images/og/cars.jpg","Our Fleet: Cars With Professional Driver | Saad Car Rental"
"/services","https://www.saadcarremtal.com/images/og/services.jpg","Chauffeur & Car Rental Services Islamabad | Saad Car Rental"
"/about","https://www.saadcarremtal.com/images/og/about.jpg","About Us: Chauffeur Car Rental in Islamabad | Saad Car Rental"
"/contact","https://www.saadcarremtal.com/images/og/contact.jpg","Contact Us: Car Rental With Driver in Islamabad | Saad Car Rental"
"/book","https://www.saadcarremtal.com/images/og/book.jpg","Book a Car With Driver | Saad Car Rental"
"/cars/land-cruiser-v8","https://www.saadcarremtal.com/images/og/cars-land-cruiser-v8.jpg","Land Cruiser V8 Rental in Islamabad With Driver | Saad Car Rental"
"/cars/land-cruiser-tz","https://www.saadcarremtal.com/images/og/cars-land-cruiser-tz.jpg","Land Cruiser TZ Rental in Islamabad With Driver | Saad Car Rental"
"/cars/prado","https://www.saadcarremtal.com/images/og/cars-prado.jpg","Prado Rental in Islamabad With Driver | Saad Car Rental"
"/cars/revo","https://www.saadcarremtal.com/images/og/cars-revo.jpg","Hilux Revo Rental in Islamabad With Driver | Saad Car Rental"
"/cars/honda-civic","https://www.saadcarremtal.com/images/og/cars-honda-civic.jpg","Honda Civic Rental in Islamabad With Driver | Saad Car Rental"
"/cars/toyota-grande","https://www.saadcarremtal.com/images/og/cars-toyota-grande.jpg","Toyota Corolla Grande Rental in Islamabad With Driver | Saad Car Rental"
"/cars/range-rover","https://www.saadcarremtal.com/images/og/cars-range-rover.jpg","Range Rover Rental in Islamabad With Driver | Saad Car Rental"
"/cars/coaster","https://www.saadcarremtal.com/images/og/cars-coaster.jpg","Toyota Coaster Rental in Islamabad With Driver | Saad Car Rental"
"/airport-transfer/islamabad","https://www.saadcarremtal.com/images/og/airport-transfer-islamabad.jpg","Islamabad Airport Car With Driver (Pickup & Drop) | Saad Car Rental"
"/services/premium-car-rental","https://www.saadcarremtal.com/images/og/services-premium-car-rental.jpg","Car Rental With Driver in Islamabad | Saad Car Rental"
"/services/chauffeur-service","https://www.saadcarremtal.com/images/og/services-chauffeur-service.jpg","Chauffeur Service in Islamabad | Saad Car Rental"
"/services/airport-transfers","https://www.saadcarremtal.com/images/og/services-airport-transfers.jpg","Airport Transfers With Driver | Saad Car Rental"
"/services/business-travel","https://www.saadcarremtal.com/images/og/services-business-travel.jpg","Car With Driver for Business Travel | Saad Car Rental"
"/services/corporate-transportation","https://www.saadcarremtal.com/images/og/services-corporate-transportation.jpg","Corporate Car Rental With Driver | Saad Car Rental"
"/services/family-travel","https://www.saadcarremtal.com/images/og/services-family-travel.jpg","Family Car Rental With Driver | Saad Car Rental"
"/services/wedding-event-transportation","https://www.saadcarremtal.com/images/og/services-wedding-event-transportation.jpg","Wedding Car Rental With Driver | Saad Car Rental"
"/services/long-distance-travel","https://www.saadcarremtal.com/images/og/services-long-distance-travel.jpg","Intercity and Long Distance Car With Driver | Saad Car Rental"
"/services/private-tours","https://www.saadcarremtal.com/images/og/services-private-tours.jpg","Private Tour Transport With Driver | Saad Car Rental"
"/services/vip-executive-transportation","https://www.saadcarremtal.com/images/og/services-vip-executive-transportation.jpg","VIP and Executive Car With Driver | Saad Car Rental"
"/services/hotel-transfers","https://www.saadcarremtal.com/images/og/services-hotel-transfers.jpg","Hotel Transfers With Driver | Saad Car Rental"
"/services/islamabad-rawalpindi-transportation","https://www.saadcarremtal.com/images/og/services-islamabad-rawalpindi-transportation.jpg","Car With Driver in Islamabad and Rawalpindi | Saad Car Rental"
"/services/customized-travel","https://www.saadcarremtal.com/images/og/services-customized-travel.jpg","Customised Car With Driver Arrangements | Saad Car Rental"
"/services/group-transportation","https://www.saadcarremtal.com/images/og/services-group-transportation.jpg","Coaster and Group Transportation With Driver | Saad Car Rental"
"/locations/islamabad","https://www.saadcarremtal.com/images/og/locations-islamabad.jpg","Islamabad Car Rental: City, Airport & Sector Pickups | Saad Car Rental"
"/locations/rawalpindi","https://www.saadcarremtal.com/images/og/locations-rawalpindi.jpg","Rawalpindi Car Rental With Driver | Saad Car Rental"
"/locations/lahore","https://www.saadcarremtal.com/images/og/locations-lahore.jpg","Lahore Car Rental With Driver | Saad Car Rental"
"/locations/peshawar","https://www.saadcarremtal.com/images/og/locations-peshawar.jpg","Peshawar Car Rental With Driver | Saad Car Rental"
"/locations/faisalabad","https://www.saadcarremtal.com/images/og/locations-faisalabad.jpg","Faisalabad Car Rental With Driver | Saad Car Rental"
"/locations/multan","https://www.saadcarremtal.com/images/og/locations-multan.jpg","Multan Car Rental With Driver | Saad Car Rental"
"/locations/murree","https://www.saadcarremtal.com/images/og/locations-murree.jpg","Murree Car Rental With Driver | Saad Car Rental"
"/locations/abbottabad","https://www.saadcarremtal.com/images/og/locations-abbottabad.jpg","Abbottabad Car Rental With Driver | Saad Car Rental"
"/locations/swat","https://www.saadcarremtal.com/images/og/locations-swat.jpg","Swat Car Rental With Driver | Saad Car Rental"
"/locations/naran","https://www.saadcarremtal.com/images/og/locations-naran.jpg","Naran Car Rental With Driver | Saad Car Rental"
"/locations/chitral","https://www.saadcarremtal.com/images/og/locations-chitral.jpg","Chitral Car Rental With Driver | Saad Car Rental"
"/locations/gilgit","https://www.saadcarremtal.com/images/og/locations-gilgit.jpg","Gilgit Car Rental With Driver | Saad Car Rental"
"/locations/hunza","https://www.saadcarremtal.com/images/og/locations-hunza.jpg","Hunza Car Rental With Driver | Saad Car Rental"
"/locations/skardu","https://www.saadcarremtal.com/images/og/locations-skardu.jpg","Skardu Car Rental With Driver | Saad Car Rental"
"/locations/muzaffarabad","https://www.saadcarremtal.com/images/og/locations-muzaffarabad.jpg","Muzaffarabad Car Rental With Driver | Saad Car Rental"
"/destinations/nathia-gali","https://www.saadcarremtal.com/images/og/destinations-nathia-gali.jpg","Islamabad to Nathia Gali Car With Driver | Saad Car Rental"
"/destinations/shogran","https://www.saadcarremtal.com/images/og/destinations-shogran.jpg","Islamabad to Shogran Car With Driver | Saad Car Rental"
"/destinations/babusar-top","https://www.saadcarremtal.com/images/og/destinations-babusar-top.jpg","Islamabad to Babusar Top Car With Driver | Saad Car Rental"
"/destinations/kalam","https://www.saadcarremtal.com/images/og/destinations-kalam.jpg","Islamabad to Kalam Car With Driver | Saad Car Rental"
"/destinations/malam-jabba","https://www.saadcarremtal.com/images/og/destinations-malam-jabba.jpg","Islamabad to Malam Jabba Car With Driver | Saad Car Rental"
"/destinations/kumrat-valley","https://www.saadcarremtal.com/images/og/destinations-kumrat-valley.jpg","Islamabad to Kumrat Valley Car With Driver | Saad Car Rental"
"/destinations/attabad-lake","https://www.saadcarremtal.com/images/og/destinations-attabad-lake.jpg","Islamabad to Attabad Lake Car With Driver | Saad Car Rental"
"/destinations/khunjerab-pass","https://www.saadcarremtal.com/images/og/destinations-khunjerab-pass.jpg","Islamabad to Khunjerab Car With Driver | Saad Car Rental"
"/destinations/fairy-meadows","https://www.saadcarremtal.com/images/og/destinations-fairy-meadows.jpg","Islamabad to Fairy Meadows Car With Driver | Saad Car Rental"
"/destinations/deosai-national-park","https://www.saadcarremtal.com/images/og/destinations-deosai-national-park.jpg","Islamabad to Deosai Car With Driver | Saad Car Rental"
"/destinations/naltar-valley","https://www.saadcarremtal.com/images/og/destinations-naltar-valley.jpg","Islamabad to Naltar Car With Driver | Saad Car Rental"
"/destinations/astore-valley","https://www.saadcarremtal.com/images/og/destinations-astore-valley.jpg","Islamabad to Astore Car With Driver | Saad Car Rental"
"/destinations/neelum-valley","https://www.saadcarremtal.com/images/og/destinations-neelum-valley.jpg","Islamabad to Neelum Valley Car With Driver | Saad Car Rental"
"/destinations/shigar-valley","https://www.saadcarremtal.com/images/og/destinations-shigar-valley.jpg","Islamabad to Shigar Valley Car With Driver | Saad Car Rental"
"/destinations/khaplu","https://www.saadcarremtal.com/images/og/destinations-khaplu.jpg","Islamabad to Khaplu Car With Driver | Saad Car Rental"
"/routes/islamabad-to-lahore","https://www.saadcarremtal.com/images/og/routes-islamabad-to-lahore.jpg","Islamabad to Lahore Car With Driver | Saad Car Rental"
"/routes/islamabad-to-peshawar","https://www.saadcarremtal.com/images/og/routes-islamabad-to-peshawar.jpg","Islamabad to Peshawar Car With Driver | Saad Car Rental"
"/routes/islamabad-to-faisalabad","https://www.saadcarremtal.com/images/og/routes-islamabad-to-faisalabad.jpg","Islamabad to Faisalabad Car With Driver | Saad Car Rental"
"/routes/islamabad-to-multan","https://www.saadcarremtal.com/images/og/routes-islamabad-to-multan.jpg","Islamabad to Multan Car With Driver | Saad Car Rental"
"/routes/islamabad-to-murree","https://www.saadcarremtal.com/images/og/routes-islamabad-to-murree.jpg","Islamabad to Murree Car With Driver | Saad Car Rental"
"/routes/islamabad-to-abbottabad","https://www.saadcarremtal.com/images/og/routes-islamabad-to-abbottabad.jpg","Islamabad to Abbottabad Car With Driver | Saad Car Rental"
"/routes/islamabad-to-swat","https://www.saadcarremtal.com/images/og/routes-islamabad-to-swat.jpg","Islamabad to Swat Car With Driver | Saad Car Rental"
"/routes/islamabad-to-naran","https://www.saadcarremtal.com/images/og/routes-islamabad-to-naran.jpg","Islamabad to Naran Car With Driver | Saad Car Rental"
"/routes/islamabad-to-chitral","https://www.saadcarremtal.com/images/og/routes-islamabad-to-chitral.jpg","Islamabad to Chitral Car With Driver | Saad Car Rental"
"/routes/islamabad-to-gilgit","https://www.saadcarremtal.com/images/og/routes-islamabad-to-gilgit.jpg","Islamabad to Gilgit Car With Driver | Saad Car Rental"
"/routes/islamabad-to-hunza","https://www.saadcarremtal.com/images/og/routes-islamabad-to-hunza.jpg","Islamabad to Hunza Car With Driver | Saad Car Rental"
"/routes/islamabad-to-skardu","https://www.saadcarremtal.com/images/og/routes-islamabad-to-skardu.jpg","Islamabad to Skardu Car With Driver | Saad Car Rental"
"/routes/islamabad-to-muzaffarabad","https://www.saadcarremtal.com/images/og/routes-islamabad-to-muzaffarabad.jpg","Islamabad to Muzaffarabad Car With Driver | Saad Car Rental"
"/locations/punjab","https://www.saadcarremtal.com/images/og/locations-punjab.jpg","Car Rental With Driver in Punjab | Saad Car Rental"
"/locations/khyber-pakhtunkhwa","https://www.saadcarremtal.com/images/og/locations-khyber-pakhtunkhwa.jpg","Car Rental With Driver in Khyber Pakhtunkhwa | Saad Car Rental"
"/locations/gilgit-baltistan","https://www.saadcarremtal.com/images/og/locations-gilgit-baltistan.jpg","Car Rental With Driver in Gilgit-Baltistan | Saad Car Rental"
"/locations/azad-kashmir","https://www.saadcarremtal.com/images/og/locations-azad-kashmir.jpg","Car Rental With Driver in Azad Jammu & Kashmir | Saad Car Rental"
"/car-rental-pakistan","https://www.saadcarremtal.com/images/og/car-rental-pakistan.jpg","Car Rental With Driver in Pakistan | Saad Car Rental"
"/northern-areas","https://www.saadcarremtal.com/images/og/northern-areas.jpg","Northern Areas Car Rental With Driver | Saad Car Rental"
"/locations","https://www.saadcarremtal.com/images/og/locations.jpg","Locations We Serve: Cities & Regions | Saad Car Rental"
"/destinations","https://www.saadcarremtal.com/images/og/destinations.jpg","Tourist Destinations by Car With Driver | Saad Car Rental"
"/routes","https://www.saadcarremtal.com/images/og/routes.jpg","Intercity & Northern Routes With Driver | Saad Car Rental"
"/faq","https://www.saadcarremtal.com/images/og/faq.jpg","FAQ: Car Rental With Driver in Islamabad | Saad Car Rental"
