"URL","Schema types"
"/","AutoRental + WebSite + WebPage + Service + FAQPage"
"/cars","WebPage + BreadcrumbList"
"/services","WebPage + BreadcrumbList"
"/about","AutoRental + AboutPage + BreadcrumbList"
"/contact","AutoRental + ContactPage + BreadcrumbList"
"/book","WebPage + BreadcrumbList"
"/cars/land-cruiser-v8","WebPage + BreadcrumbList + Service + FAQPage"
"/cars/land-cruiser-tz","WebPage + BreadcrumbList + Service + FAQPage"
"/cars/prado","WebPage + BreadcrumbList + Service + FAQPage"
"/cars/revo","WebPage + BreadcrumbList + Service + FAQPage"
"/cars/honda-civic","WebPage + BreadcrumbList + Service + FAQPage"
"/cars/toyota-grande","WebPage + BreadcrumbList + Service + FAQPage"
"/cars/range-rover","WebPage + BreadcrumbList + Service + FAQPage"
"/cars/coaster","WebPage + BreadcrumbList + Service + FAQPage"
"/airport-transfer/islamabad","WebPage + BreadcrumbList + Service + FAQPage"
"/services/premium-car-rental","WebPage + BreadcrumbList + Service + FAQPage"
"/services/chauffeur-service","WebPage + BreadcrumbList + Service + FAQPage"
"/services/airport-transfers","WebPage + BreadcrumbList + Service + FAQPage"
"/services/business-travel","WebPage + BreadcrumbList + Service + FAQPage"
"/services/corporate-transportation","WebPage + BreadcrumbList + Service + FAQPage"
"/services/family-travel","WebPage + BreadcrumbList + Service + FAQPage"
"/services/wedding-event-transportation","WebPage + BreadcrumbList + Service + FAQPage"
"/services/long-distance-travel","WebPage + BreadcrumbList + Service + FAQPage"
"/services/private-tours","WebPage + BreadcrumbList + Service + FAQPage"
"/services/vip-executive-transportation","WebPage + BreadcrumbList + Service + FAQPage"
"/services/hotel-transfers","WebPage + BreadcrumbList + Service + FAQPage"
"/services/islamabad-rawalpindi-transportation","WebPage + BreadcrumbList + Service + FAQPage"
"/services/customized-travel","WebPage + BreadcrumbList + Service + FAQPage"
"/services/group-transportation","WebPage + BreadcrumbList + Service + FAQPage"
"/locations/islamabad","WebPage + BreadcrumbList + Service + FAQPage"
"/locations/rawalpindi","WebPage + BreadcrumbList + Service + FAQPage"
"/locations/lahore","WebPage + BreadcrumbList + Service + FAQPage"
"/locations/peshawar","WebPage + BreadcrumbList + Service + FAQPage"
"/locations/faisalabad","WebPage + BreadcrumbList + Service + FAQPage"
"/locations/multan","WebPage + BreadcrumbList + Service + FAQPage"
"/locations/murree","WebPage + BreadcrumbList + Service + FAQPage"
"/locations/abbottabad","WebPage + BreadcrumbList + Service + FAQPage"
"/locations/swat","WebPage + BreadcrumbList + Service + FAQPage"
"/locations/naran","WebPage + BreadcrumbList + Service + FAQPage"
"/locations/chitral","WebPage + BreadcrumbList + Service + FAQPage"
"/locations/gilgit","WebPage + BreadcrumbList + Service + FAQPage"
"/locations/hunza","WebPage + BreadcrumbList + Service + FAQPage"
"/locations/skardu","WebPage + BreadcrumbList + Service + FAQPage"
"/locations/muzaffarabad","WebPage + BreadcrumbList + Service + FAQPage"
"/destinations/nathia-gali","WebPage + BreadcrumbList + Service + FAQPage"
"/destinations/shogran","WebPage + BreadcrumbList + Service + FAQPage"
"/destinations/babusar-top","WebPage + BreadcrumbList + Service + FAQPage"
"/destinations/kalam","WebPage + BreadcrumbList + Service + FAQPage"
"/destinations/malam-jabba","WebPage + BreadcrumbList + Service + FAQPage"
"/destinations/kumrat-valley","WebPage + BreadcrumbList + Service + FAQPage"
"/destinations/attabad-lake","WebPage + BreadcrumbList + Service + FAQPage"
"/destinations/khunjerab-pass","WebPage + BreadcrumbList + Service + FAQPage"
"/destinations/fairy-meadows","WebPage + BreadcrumbList + Service + FAQPage"
"/destinations/deosai-national-park","WebPage + BreadcrumbList + Service + FAQPage"
"/destinations/naltar-valley","WebPage + BreadcrumbList + Service + FAQPage"
"/destinations/astore-valley","WebPage + BreadcrumbList + Service + FAQPage"
"/destinations/neelum-valley","WebPage + BreadcrumbList + Service + FAQPage"
"/destinations/shigar-valley","WebPage + BreadcrumbList + Service + FAQPage"
"/destinations/khaplu","WebPage + BreadcrumbList + Service + FAQPage"
"/routes/islamabad-to-lahore","WebPage + BreadcrumbList + Service"
"/routes/islamabad-to-peshawar","WebPage + BreadcrumbList + Service"
"/routes/islamabad-to-faisalabad","WebPage + BreadcrumbList + Service"
"/routes/islamabad-to-multan","WebPage + BreadcrumbList + Service"
"/routes/islamabad-to-murree","WebPage + BreadcrumbList + Service"
"/routes/islamabad-to-abbottabad","WebPage + BreadcrumbList + Service"
"/routes/islamabad-to-swat","WebPage + BreadcrumbList + Service"
"/routes/islamabad-to-naran","WebPage + BreadcrumbList + Service"
"/routes/islamabad-to-chitral","WebPage + BreadcrumbList + Service"
"/routes/islamabad-to-gilgit","WebPage + BreadcrumbList + Service"
"/routes/islamabad-to-hunza","WebPage + BreadcrumbList + Service"
"/routes/islamabad-to-skardu","WebPage + BreadcrumbList + Service"
"/routes/islamabad-to-muzaffarabad","WebPage + BreadcrumbList + Service"
"/locations/punjab","CollectionPage + BreadcrumbList + Service"
"/locations/khyber-pakhtunkhwa","CollectionPage + BreadcrumbList + Service"
"/locations/gilgit-baltistan","CollectionPage + BreadcrumbList + Service"
"/locations/azad-kashmir","CollectionPage + BreadcrumbList + Service"
"/car-rental-pakistan","CollectionPage + BreadcrumbList + Service + FAQPage"
"/northern-areas","CollectionPage + BreadcrumbList + Service + FAQPage"
"/locations","CollectionPage + BreadcrumbList"
"/destinations","CollectionPage + BreadcrumbList"
"/routes","CollectionPage + BreadcrumbList"
"/faq","WebPage + BreadcrumbList + FAQPage"
