"URL","Type","Indexable","Priority"
"https://www.saadcarremtal.com/","app","true","1"
"https://www.saadcarremtal.com/cars","app","true","0.9"
"https://www.saadcarremtal.com/services","app","true","0.9"
"https://www.saadcarremtal.com/about","about","true","0.6"
"https://www.saadcarremtal.com/contact","contact","true","0.8"
"https://www.saadcarremtal.com/book","app","false","0.3"
"https://www.saadcarremtal.com/cars/land-cruiser-v8","vehicle","true","0.8"
"https://www.saadcarremtal.com/cars/land-cruiser-tz","vehicle","true","0.8"
"https://www.saadcarremtal.com/cars/prado","vehicle","true","0.8"
"https://www.saadcarremtal.com/cars/revo","vehicle","true","0.8"
"https://www.saadcarremtal.com/cars/honda-civic","vehicle","true","0.8"
"https://www.saadcarremtal.com/cars/toyota-grande","vehicle","true","0.8"
"https://www.saadcarremtal.com/cars/range-rover","vehicle","true","0.8"
"https://www.saadcarremtal.com/cars/coaster","vehicle","true","0.8"
"https://www.saadcarremtal.com/airport-transfer/islamabad","airport","true","0.9"
"https://www.saadcarremtal.com/services/premium-car-rental","service","true","0.7"
"https://www.saadcarremtal.com/services/chauffeur-service","service","true","0.7"
"https://www.saadcarremtal.com/services/airport-transfers","service","true","0.7"
"https://www.saadcarremtal.com/services/business-travel","service","true","0.7"
"https://www.saadcarremtal.com/services/corporate-transportation","service","true","0.7"
"https://www.saadcarremtal.com/services/family-travel","service","true","0.7"
"https://www.saadcarremtal.com/services/wedding-event-transportation","service","true","0.7"
"https://www.saadcarremtal.com/services/long-distance-travel","service","true","0.7"
"https://www.saadcarremtal.com/services/private-tours","service","true","0.7"
"https://www.saadcarremtal.com/services/vip-executive-transportation","service","true","0.7"
"https://www.saadcarremtal.com/services/hotel-transfers","service","true","0.7"
"https://www.saadcarremtal.com/services/islamabad-rawalpindi-transportation","service","true","0.7"
"https://www.saadcarremtal.com/services/customized-travel","service","true","0.7"
"https://www.saadcarremtal.com/services/group-transportation","service","true","0.7"
"https://www.saadcarremtal.com/locations/islamabad","location","true","0.9"
"https://www.saadcarremtal.com/locations/rawalpindi","location","true","0.7"
"https://www.saadcarremtal.com/locations/lahore","location","true","0.7"
"https://www.saadcarremtal.com/locations/peshawar","location","true","0.7"
"https://www.saadcarremtal.com/locations/faisalabad","location","true","0.7"
"https://www.saadcarremtal.com/locations/multan","location","true","0.7"
"https://www.saadcarremtal.com/locations/murree","location","true","0.7"
"https://www.saadcarremtal.com/locations/abbottabad","location","true","0.7"
"https://www.saadcarremtal.com/locations/swat","location","true","0.7"
"https://www.saadcarremtal.com/locations/naran","location","true","0.7"
"https://www.saadcarremtal.com/locations/chitral","location","true","0.7"
"https://www.saadcarremtal.com/locations/gilgit","location","true","0.7"
"https://www.saadcarremtal.com/locations/hunza","location","true","0.7"
"https://www.saadcarremtal.com/locations/skardu","location","true","0.7"
"https://www.saadcarremtal.com/locations/muzaffarabad","location","true","0.7"
"https://www.saadcarremtal.com/destinations/nathia-gali","destination","true","0.7"
"https://www.saadcarremtal.com/destinations/shogran","destination","true","0.7"
"https://www.saadcarremtal.com/destinations/babusar-top","destination","true","0.7"
"https://www.saadcarremtal.com/destinations/kalam","destination","true","0.7"
"https://www.saadcarremtal.com/destinations/malam-jabba","destination","true","0.7"
"https://www.saadcarremtal.com/destinations/kumrat-valley","destination","true","0.7"
"https://www.saadcarremtal.com/destinations/attabad-lake","destination","true","0.7"
"https://www.saadcarremtal.com/destinations/khunjerab-pass","destination","true","0.7"
"https://www.saadcarremtal.com/destinations/fairy-meadows","destination","true","0.7"
"https://www.saadcarremtal.com/destinations/deosai-national-park","destination","true","0.7"
"https://www.saadcarremtal.com/destinations/naltar-valley","destination","true","0.7"
"https://www.saadcarremtal.com/destinations/astore-valley","destination","true","0.7"
"https://www.saadcarremtal.com/destinations/neelum-valley","destination","true","0.7"
"https://www.saadcarremtal.com/destinations/shigar-valley","destination","true","0.7"
"https://www.saadcarremtal.com/destinations/khaplu","destination","true","0.7"
"https://www.saadcarremtal.com/routes/islamabad-to-lahore","route","true","0.8"
"https://www.saadcarremtal.com/routes/islamabad-to-peshawar","route","true","0.8"
"https://www.saadcarremtal.com/routes/islamabad-to-faisalabad","route","true","0.8"
"https://www.saadcarremtal.com/routes/islamabad-to-multan","route","true","0.8"
"https://www.saadcarremtal.com/routes/islamabad-to-murree","route","true","0.8"
"https://www.saadcarremtal.com/routes/islamabad-to-abbottabad","route","true","0.8"
"https://www.saadcarremtal.com/routes/islamabad-to-swat","route","true","0.8"
"https://www.saadcarremtal.com/routes/islamabad-to-naran","route","true","0.8"
"https://www.saadcarremtal.com/routes/islamabad-to-chitral","route","true","0.8"
"https://www.saadcarremtal.com/routes/islamabad-to-gilgit","route","true","0.8"
"https://www.saadcarremtal.com/routes/islamabad-to-hunza","route","true","0.8"
"https://www.saadcarremtal.com/routes/islamabad-to-skardu","route","true","0.8"
"https://www.saadcarremtal.com/routes/islamabad-to-muzaffarabad","route","true","0.8"
"https://www.saadcarremtal.com/locations/punjab","province","true","0.8"
"https://www.saadcarremtal.com/locations/khyber-pakhtunkhwa","province","true","0.8"
"https://www.saadcarremtal.com/locations/gilgit-baltistan","province","true","0.8"
"https://www.saadcarremtal.com/locations/azad-kashmir","province","true","0.8"
"https://www.saadcarremtal.com/car-rental-pakistan","hub","true","0.9"
"https://www.saadcarremtal.com/northern-areas","hub","true","0.9"
"https://www.saadcarremtal.com/locations","hub","true","0.7"
"https://www.saadcarremtal.com/destinations","hub","true","0.7"
"https://www.saadcarremtal.com/routes","hub","true","0.7"
"https://www.saadcarremtal.com/faq","faq","true","0.6"
